ISO3,Name,1995,1996,1997,1998,1999,2000,2001,2002,2003,2004,2005,2006,2007,2008,2009,2010,2011,2012,2013,2014,2015,2016,2017,2018,2019,2020
AFG,Afghanistan,0.310416757,0.310416053,0.311849331,0.313282772,0.311548872,0.309814817,0.316369683,0.322941274,0.327035652,0.322374398,0.269736973,0.236271842,0.230540779,0.224216465,0.224017397,0.222741569,0.213653598,0.228593648,0.230411543,0.246690734,0.246128004,0.25763063,0.24827574,0.242563802,0.250356609,0.239126606
ALB,Albania,0.334173663,0.334676618,0.333101171,0.331038248,0.331869152,0.332472468,0.337593744,0.34293084,0.34143569,0.349108673,0.338321062,0.325106885,0.338208727,0.35086542,0.370780283,0.372037017,0.370952991,0.379027106,0.391757653,0.414294932,0.421307882,0.415363615,0.416355473,0.41853583,0.411084443,0.409452983
DZA,Algeria,0.30143212,0.302461063,0.300809558,0.299456144,0.302445334,0.305595269,0.311317822,0.317378068,0.321894649,0.329136003,0.330775716,0.299016588,0.29783488,0.299765239,0.293580629,0.282920989,0.277656025,0.278184676,0.288889876,0.287796052,0.294079532,0.303557093,0.326563987,0.328683342,0.329328498,0.330681094
AND,Andorra,0.156763688,0.16203535,0.167858069,0.178800715,0.186168134,0.192225279,0.196487259,0.19785415,0.214121981,0.236267584,0.259210049,0.28374054,0.320147398,0.323544295,0.339574292,0.346752152,0.350825708,0.357281885,0.363767845,0.370368073,0.379928393,0.387946062,0.395355655,0.399901857,0.462315092,0.4639881
AGO,Angola,0.191310506,0.191310111,0.184420346,0.177526144,0.1778082,0.178144212,0.190485184,0.202848897,0.217897527,0.219492098,0.210512274,0.188478941,0.191855467,0.198535904,0.205411641,0.191451651,0.189749277,0.20316395,0.211122039,0.214962275,0.211954561,0.240076363,0.243605946,0.254776117,0.25679641,0.262540372
ATG,Antigua and Barbuda,0.455645789,0.456150018,0.457905938,0.459633419,0.460793303,0.462876754,0.463662417,0.466831276,0.470280612,0.470521232,0.483733094,0.462533636,0.465677915,0.473029688,0.4754696,0.485866386,0.479477208,0.487989213,0.481703838,0.456144657,0.464774406,0.457811432,0.437213696,0.447638147,0.447144492,0.445502844
ARG,Argentina,0.382303847,0.385232583,0.3811729,0.378467098,0.378468003,0.379941416,0.352293203,0.33248496,0.343744935,0.346225156,0.369049383,0.345026182,0.357107772,0.349803125,0.3464606,0.354519028,0.357738632,0.351060434,0.34060127,0.334082829,0.337862744,0.371215018,0.37731739,0.379593092,0.378503766,0.382984241
ARM,Armenia,0.379243998,0.375346693,0.369712654,0.380812953,0.385888393,0.387169058,0.394016912,0.410927475,0.425030118,0.413602144,0.433689381,0.416469934,0.42456937,0.444072571,0.433365257,0.435530246,0.435719973,0.444682361,0.460039772,0.475434025,0.483244248,0.49239431,0.490197035,0.499948873,0.511312277,0.507571569
AUS,Australia,0.585476853,0.589281299,0.593284212,0.598600491,0.605609956,0.613740839,0.619060839,0.621551567,0.62626328,0.633978098,0.638387805,0.682027313,0.689885464,0.697861856,0.689532774,0.696525199,0.700245322,0.703670563,0.714175952,0.715714616,0.713459896,0.713804036,0.700585662,0.704858477,0.703126111,0.690156788
AUT,Austria,0.604296016,0.610560612,0.61370529,0.616229625,0.62035678,0.624217285,0.632573258,0.639082224,0.636431863,0.641212476,0.650041462,0.680026732,0.691589745,0.689108263,0.67275765,0.680187736,0.681192103,0.68534995,0.699861013,0.712759628,0.710502899,0.695070749,0.698698715,0.698318645,0.69334634,0.686656261
AZE,Azerbaijan,0.316792256,0.314335262,0.319597912,0.325289556,0.326127536,0.326676732,0.330550533,0.369137539,0.376178445,0.379315253,0.384997733,0.338567703,0.342349974,0.339888848,0.375881993,0.366134888,0.369951248,0.364955601,0.385365036,0.410666353,0.421431401,0.440911857,0.430441129,0.432140937,0.450425867,0.438662422
BHS,Bahamas,0.445716032,0.446209054,0.450358909,0.454859813,0.458540119,0.463210569,0.466694256,0.472378587,0.469411629,0.471745611,0.490908972,0.553258682,0.557642881,0.461372501,0.451662921,0.449669511,0.450329593,0.455375104,0.446217962,0.451222727,0.447012793,0.439936658,0.432871259,0.429976745,0.428990373,0.424584161
BHR,Bahrain,0.383582878,0.384763724,0.390281202,0.396223262,0.400274632,0.404921547,0.41900079,0.43138161,0.425901766,0.425853256,0.436819527,0.49494887,0.508344818,0.452926653,0.458823998,0.455534282,0.461348951,0.463889562,0.465197205,0.484481741,0.484290354,0.476219487,0.468366377,0.469602151,0.475960811,0.506402068
BGD,Bangladesh,0.339161758,0.339000245,0.344090102,0.349057972,0.34245545,0.335869825,0.330856199,0.325093171,0.321233242,0.313658355,0.331379674,0.408463795,0.421553702,0.427584741,0.429059306,0.45617501,0.459469869,0.461097122,0.462102658,0.256463141,0.253336262,0.270287269,0.270453661,0.274335835,0.274374448,0.278169384
BRB,Barbados,0.470821211,0.471338855,0.475067641,0.478721643,0.480638733,0.487445941,0.489063892,0.49679852,0.503377247,0.508134152,0.532128421,0.597167156,0.610902989,0.612235077,0.6121509,0.633324003,0.641788953,0.512394905,0.516190069,0.512122578,0.527968255,0.513099476,0.521800275,0.522093359,0.525852713,0.536692412
BLR,Belarus,0.372832929,0.379536373,0.376728645,0.379892844,0.383551704,0.3851559,0.382826155,0.379332395,0.404087642,0.400807231,0.399208447,0.350458047,0.370879847,0.392859701,0.4345958,0.434022248,0.446267235,0.473996229,0.477272718,0.47077545,0.473331963,0.489732725,0.514232812,0.519751922,0.527327712,0.501969626
BEL,Belgium,0.54282664,0.547404258,0.546396383,0.538819078,0.540854619,0.54962734,0.553787665,0.561231297,0.553175533,0.552673261,0.545902157,0.570521628,0.576999866,0.586476457,0.593612539,0.58748838,0.589799472,0.596472007,0.602423644,0.613910041,0.614530932,0.60578864,0.600000949,0.592797309,0.593296738,0.600662947
BLZ,Belize,0.374134035,0.382405399,0.377954224,0.379861328,0.375913617,0.373283541,0.373338089,0.373880256,0.382854158,0.369401934,0.391216526,0.337243947,0.338469436,0.336368173,0.33566468,0.334590411,0.324364655,0.3306237,0.333009514,0.332637916,0.333070578,0.330157098,0.330428643,0.32954574,0.329144616,0.334759599
BEN,Benin,0.35590409,0.355893313,0.354354033,0.352737622,0.352155169,0.351727837,0.347800886,0.343985918,0.343578901,0.335203647,0.317720914,0.303688317,0.307912012,0.30404229,0.292246812,0.275759824,0.279577164,0.276326301,0.288522115,0.290965972,0.305897964,0.31225385,0.323410536,0.333814102,0.329028276,0.336605948
BTN,Bhutan,0.372010169,0.372032803,0.373088471,0.374214329,0.373878683,0.373822361,0.374911805,0.37604752,0.390476746,0.379465996,0.391095393,0.378742695,0.398157207,0.407620095,0.401144926,0.392453195,0.391971603,0.395969667,0.403228278,0.431770964,0.435361318,0.464453185,0.478815019,0.47921558,0.479276945,0.476220953
BOL,"Bolivia, Plurinational State of",0.313772996,0.313996226,0.319736084,0.322661224,0.316629725,0.309268068,0.310889859,0.305283567,0.304920093,0.309749001,0.279476422,0.269898139,0.274439194,0.27545917,0.276187624,0.280898849,0.285281323,0.277356659,0.285800625,0.28197084,0.278515677,0.282392335,0.287827403,0.289821863,0.281345127,0.286764268
BIH,Bosnia and Herzegovina,0.340277806,0.340396774,0.336535298,0.332698331,0.334875145,0.339189589,0.346951994,0.347796717,0.346362607,0.361490247,0.347189107,0.324545652,0.327562805,0.336369217,0.336717773,0.337220576,0.345851295,0.351866399,0.364405481,0.381140011,0.369804685,0.373693773,0.378506375,0.376403337,0.367510818,0.36240833
BWA,Botswana,0.376189466,0.376526663,0.378004509,0.379624254,0.379779844,0.380676849,0.379722905,0.377777329,0.395884091,0.384853732,0.398790863,0.385205781,0.388436318,0.392104689,0.394902202,0.392015964,0.390991613,0.398680638,0.405745283,0.424822714,0.421423291,0.437348254,0.431060878,0.430106762,0.43325197,0.432771277
BRA,Brazil,0.35156856,0.350868542,0.352247797,0.353479005,0.358868959,0.36411625,0.366615709,0.371384561,0.369291334,0.363649291,0.370718805,0.401607051,0.405618054,0.413474904,0.426832374,0.443601556,0.446572145,0.445430574,0.444402383,0.359200722,0.353121547,0.356264178,0.34986193,0.348293411,0.353214951,0.35771469
BRN,Brunei Darussalam,0.441199185,0.442552462,0.435516533,0.428714225,0.433020356,0.436568838,0.439785727,0.439166607,0.441770091,0.450484282,0.460974839,0.52789444,0.445967948,0.451297596,0.476506491,0.474944989,0.475701729,0.476642839,0.485230571,0.505994769,0.494690974,0.499195254,0.499703258,0.523978212,0.515979133,0.533100629
BGR,Bulgaria,0.393052059,0.401013809,0.423079853,0.421824687,0.419590753,0.413456297,0.415626411,0.427739232,0.434128271,0.437046899,0.439532077,0.436943377,0.441569415,0.441713862,0.44775097,0.442978611,0.44707619,0.451252604,0.456012117,0.465662049,0.467295913,0.465667342,0.46569987,0.464725563,0.46817589,0.464001251
BFA,Burkina Faso,0.305577648,0.305557251,0.305782756,0.306069127,0.310606551,0.315056041,0.312895125,0.310809233,0.314704143,0.310610663,0.294058712,0.255027069,0.267946971,0.272611948,0.287717458,0.286931216,0.279164319,0.278167355,0.272660105,0.276031985,0.279994613,0.301649263,0.303197855,0.301590922,0.294181968,0.290420089
BDI,Burundi,0.238975181,0.238971199,0.239088699,0.239208522,0.246027843,0.252918126,0.253962831,0.255404686,0.256898588,0.25356362,0.258188779,0.234092436,0.231833108,0.231409871,0.229418951,0.207103494,0.202710296,0.202527346,0.230769884,0.274148181,0.258323449,0.269160144,0.269946409,0.267596603,0.267989632,0.267934246
KHM,Cambodia,0.282890948,0.283055837,0.280686711,0.278738781,0.285544375,0.292359645,0.290557038,0.288944209,0.286526777,0.287612618,0.279771864,0.270399524,0.272226981,0.278566538,0.278790063,0.275551828,0.278580303,0.289833338,0.281862725,0.287473263,0.284599122,0.29381764,0.289341088,0.286622516,0.285787503,0.281663243
CMR,Cameroon,0.262704168,0.262709011,0.272161608,0.281628921,0.282688321,0.283629028,0.280774167,0.278482115,0.289324232,0.289133784,0.276094745,0.253189022,0.252075292,0.251205153,0.249126951,0.243544056,0.251418891,0.25212774,0.256288049,0.258232591,0.255641432,0.265292735,0.262081894,0.261371541,0.258903576,0.258881746
CAN,Canada,0.592812519,0.594649294,0.598346476,0.596065351,0.603664893,0.609556695,0.610422591,0.611150253,0.609688724,0.622364295,0.634452291,0.679046446,0.679538691,0.683336043,0.684834416,0.665212929,0.673357723,0.672087006,0.674216835,0.686097147,0.678855698,0.668240773,0.665565119,0.657778876,0.657830087,0.651613874
CPV,Cape Verde,0.406030317,0.406144236,0.402686314,0.399233917,0.402240601,0.405506636,0.396170079,0.388218155,0.393689946,0.394659573,0.41646149,0.387561737,0.390781594,0.39713449,0.399715181,0.397467117,0.413183479,0.419646194,0.421931306,0.440686383,0.442857929,0.44019299,0.439332661,0.437423888,0.437268105,0.443865532
CAF,Central African Republic,0.253861346,0.253871867,0.25591759,0.257963093,0.255415003,0.252836109,0.24939289,0.245943052,0.240723913,0.231095928,0.22009214,0.161669348,0.15848337,0.159431642,0.159223616,0.138253172,0.13835565,0.145015866,0.128610779,0.116308725,0.120831413,0.144026252,0.14196427,0.140626724,0.140378798,0.135595938
TCD,Chad,0.246091437,0.24609251,0.248311936,0.250602419,0.25527296,0.259955336,0.255732687,0.251574462,0.243903064,0.240095057,0.220887503,0.175604733,0.174585602,0.166165652,0.173117286,0.162692636,0.165020651,0.170084836,0.169765655,0.166853852,0.172092017,0.18564715,0.1880629,0.186014126,0.189359742,0.191685215
CHL,Chile,0.443319231,0.444764436,0.438704183,0.435008031,0.44524931,0.456699436,0.465134404,0.476785465,0.467619121,0.471736617,0.483630009,0.498244808,0.510347691,0.515069486,0.512168899,0.524215148,0.530215212,0.545514911,0.551247035,0.568770791,0.563490213,0.548302369,0.547520167,0.548692245,0.541958965,0.542727548
CHN,China,0.363026012,0.363952906,0.361368314,0.358904994,0.359429461,0.362937671,0.359736887,0.358712639,0.367745708,0.371098056,0.399743987,0.478396119,0.492925577,0.51233787,0.52559389,0.563529997,0.566907912,0.572127185,0.579380172,0.434592265,0.448223131,0.449793679,0.459835472,0.464982284,0.5315233,0.552967567
COL,Colombia,0.289420512,0.289825431,0.292040272,0.294869557,0.294110921,0.29553309,0.299246063,0.302889503,0.300736221,0.306125474,0.317110069,0.296586871,0.302216221,0.31392235,0.328710953,0.342322034,0.356430705,0.356288534,0.358526354,0.38106187,0.381351273,0.380572457,0.379424406,0.375968981,0.374006643,0.378494336
COM,Comoros,0.315601244,0.31561564,0.311714942,0.307829585,0.303315962,0.298734794,0.307888389,0.317004491,0.299954833,0.302687949,0.31991701,0.275570465,0.265291193,0.260680983,0.260543572,0.264277903,0.268255056,0.268884182,0.283787141,0.297887781,0.294639014,0.303933032,0.302274912,0.292140846,0.287927813,0.280681881
COG,Congo,0.268081947,0.268087464,0.257812677,0.247537965,0.254635965,0.263121498,0.262157197,0.261438941,0.267932114,0.271179452,0.249292007,0.220813871,0.224386974,0.225780331,0.232742283,0.218640003,0.215823045,0.208112288,0.21170419,0.219866023,0.21642901,0.237646011,0.230539032,0.233587195,0.222216768,0.21928239
COD,"Congo, the Democratic Republic o",0.233083917,0.232860469,0.23262802,0.23240583,0.232184014,0.232552057,0.232960274,0.233470766,0.234040536,0.234620654,0.214825597,0.152894908,0.151542958,0.151467551,0.15146207,0.126024324,0.146398679,0.147747396,0.151050152,0.150785795,0.163506398,0.207660435,0.204007364,0.211050014,0.207909435,0.207552356
CRI,Costa Rica,0.394264076,0.39300798,0.402032644,0.408477465,0.404365376,0.401871549,0.397179543,0.399353491,0.399371092,0.392674226,0.400793906,0.377256445,0.377800541,0.387930446,0.396496445,0.408919227,0.403618247,0.416612735,0.430482582,0.453636448,0.460324312,0.454513902,0.45186975,0.454298298,0.456175863,0.458279173
CIV,Cote d'Ivoire,0.311643613,0.310854762,0.307041811,0.302643813,0.288195518,0.273921969,0.268113128,0.262310244,0.252077996,0.239780551,0.220730814,0.181351792,0.199104456,0.197164649,0.202665288,0.185410493,0.186363682,0.199632223,0.211553408,0.249212683,0.266897652,0.285136302,0.282739587,0.29380839,0.300851212,0.305080511
HRV,Croatia,0.395105455,0.39618897,0.402002149,0.407099381,0.419575801,0.434534668,0.448966307,0.458008458,0.473340534,0.48072329,0.469274074,0.450904315,0.461763428,0.462679597,0.458409007,0.472240296,0.47032356,0.469590579,0.478974084,0.486159941,0.490546201,0.493507105,0.490036442,0.490271148,0.495527582,0.488179565
CUB,Cuba,0.264616895,0.262126217,0.261149141,0.258807056,0.270998156,0.276779843,0.279272814,0.281144389,0.279814855,0.303812298,0.32418842,0.357401983,0.377305932,0.389386338,0.383398962,0.362195303,0.346409736,0.329129669,0.31308922,0.314524523,0.317818685,0.326585237,0.342674538,0.342020835,0.346939022,0.349753676
CYP,Cyprus,0.449635961,0.452133393,0.452342192,0.451539118,0.455454176,0.459147306,0.46189251,0.467632259,0.478594637,0.471877477,0.497867099,0.573428241,0.577734297,0.597249844,0.505640166,0.500694142,0.493263194,0.499515011,0.503617302,0.519621547,0.521224093,0.508975222,0.522579599,0.517289995,0.525011231,0.516949897
CZE,Czech Republic,0.463055762,0.463794624,0.460066836,0.458778955,0.448322762,0.439411102,0.455231629,0.469498274,0.476545116,0.472084392,0.478232856,0.487546545,0.496523858,0.505419179,0.504619371,0.518390405,0.529106523,0.533163751,0.547410441,0.562929095,0.566408025,0.557198895,0.564948929,0.560623024,0.561385031,0.55501881
DNK,Denmark,0.652122752,0.65447212,0.657582538,0.662662092,0.668832891,0.673918974,0.677395284,0.684804424,0.68776734,0.692005782,0.696688387,0.757132344,0.763549702,0.761445632,0.757911502,0.766362246,0.776421077,0.779525089,0.789918988,0.797479038,0.797678302,0.775030505,0.774139978,0.772435633,0.770108566,0.775458462
DJI,Djibouti,0.313908894,0.313921148,0.309787093,0.305612045,0.311426119,0.317262346,0.320204195,0.323209733,0.311061695,0.325455366,0.333388314,0.291133025,0.298519807,0.314499646,0.320574446,0.302770095,0.296902926,0.298984958,0.294587355,0.30382209,0.310604691,0.302696035,0.31961495,0.326933675,0.328795133,0.329372436
DMA,Dominica,0.590390242,0.590390242,0.576949004,0.563507765,0.557493882,0.551479999,0.559693247,0.567906496,0.573004004,0.572808686,0.606170016,0.548683092,0.540679776,0.54503368,0.542136343,0.54064666,0.536286855,0.529411374,0.537327523,0.541486788,0.542685509,0.534128366,0.534546173,0.528801139,0.514001912,0.518993729
DOM,Dominican Republic,0.316527791,0.316607212,0.310797267,0.307292284,0.310208539,0.313568854,0.320215735,0.322276519,0.311345159,0.31453205,0.309609077,0.314503977,0.322612997,0.336605842,0.353359259,0.345193302,0.341173549,0.350092039,0.350095172,0.360841013,0.363744267,0.356814214,0.352781148,0.348660712,0.34974458,0.355894581
ECU,Ecuador,0.296202596,0.296797785,0.300682387,0.30557675,0.291736426,0.288111696,0.286712392,0.285873123,0.286858731,0.291979299,0.288179011,0.285580938,0.288646338,0.293096068,0.293593022,0.288232344,0.293940243,0.300277521,0.307859216,0.314249239,0.312969209,0.331505869,0.330026324,0.337288906,0.338119521,0.335181309
EGY,Egypt,0.35020166,0.350788657,0.351181949,0.351588505,0.350901711,0.349806303,0.346557575,0.34580972,0.336123207,0.335195326,0.325386642,0.28362872,0.297731784,0.324556489,0.334860663,0.338078579,0.324932383,0.327409098,0.322116244,0.329979671,0.331076928,0.32779541,0.332333111,0.336009812,0.339851703,0.343858525
SLV,El Salvador,0.297638115,0.295446542,0.300009759,0.304689926,0.311277369,0.314073934,0.311699611,0.311929535,0.312281711,0.32676467,0.320400758,0.337707477,0.341325196,0.346951409,0.357544293,0.354100971,0.357036976,0.354280527,0.352524957,0.360314005,0.353708838,0.342364852,0.339088486,0.342752758,0.347829585,0.346666808
GNQ,Equatorial Guinea,0.273658266,0.27371413,0.270153787,0.266662056,0.265170924,0.263827255,0.263243482,0.262929051,0.273240996,0.265786937,0.284135994,0.241301183,0.247537632,0.246463673,0.248516185,0.245704028,0.243518439,0.242890374,0.244256998,0.239684188,0.239128703,0.245592745,0.237111075,0.238488786,0.236770019,0.236992668
ERI,Eritrea,0.308229985,0.308182426,0.317285127,0.326375318,0.323183717,0.319540526,0.315562827,0.310833758,0.292918835,0.286789293,0.25194972,0.219800092,0.214098611,0.216841945,0.21419426,0.206047139,0.206327003,0.202332631,0.200842106,0.205513859,0.19669133,0.214222633,0.216166927,0.215603681,0.212351279,0.212355548
EST,Estonia,0.455891296,0.46152508,0.465336661,0.470166483,0.474979198,0.48554405,0.492542877,0.499184268,0.503460476,0.511656218,0.523543159,0.586182743,0.595943976,0.610240838,0.611829643,0.619555613,0.614443805,0.603761,0.614980335,0.64198439,0.638642338,0.619290414,0.619956938,0.61807165,0.623269503,0.618477835
ETH,Ethiopia,0.281770978,0.284894756,0.297208786,0.30947829,0.310417484,0.308431097,0.304838761,0.301195733,0.300169637,0.302886146,0.28685396,0.285527035,0.287903683,0.286323188,0.282603474,0.285502925,0.288327137,0.283373131,0.283820134,0.288857253,0.288549278,0.304685891,0.299948825,0.315891129,0.316556056,0.306121825
FJI,Fiji,0.395478802,0.395602554,0.391902849,0.388356277,0.374974228,0.361927137,0.36917456,0.377237294,0.374830642,0.374916842,0.378118912,0.412079205,0.412666582,0.411928732,0.393201764,0.393683067,0.408952871,0.407996545,0.407285692,0.43856599,0.441979493,0.451525719,0.458595983,0.466572779,0.470000106,0.472425835
FIN,Finland,0.671680236,0.673359744,0.679352063,0.687522525,0.692775448,0.696424528,0.698724012,0.703194482,0.706485074,0.706983967,0.718583807,0.754460572,0.75503569,0.75860645,0.755014736,0.765757504,0.766823703,0.775196662,0.779575533,0.789435536,0.772497091,0.752418504,0.753147081,0.749212729,0.746970688,0.750667267
FRA,France,0.582556522,0.586243894,0.585776694,0.585413845,0.587871682,0.591330808,0.593000565,0.592249618,0.592699822,0.598080107,0.599922224,0.618771466,0.637209317,0.640815994,0.645133237,0.660013917,0.657593669,0.656968429,0.653777927,0.663255983,0.664048249,0.651289581,0.656831909,0.652784144,0.666823626,0.648524987
GAB,Gabon,0.367572257,0.367632467,0.373231619,0.378810855,0.382293762,0.387590108,0.38719101,0.387606356,0.384162631,0.376169656,0.408138721,0.314666186,0.31219843,0.306891281,0.303392095,0.298008059,0.29756519,0.301379007,0.300125442,0.307138291,0.302157955,0.304555567,0.301153223,0.299303632,0.294007406,0.297962163
GMB,Gambia,0.369093216,0.369027965,0.372314339,0.37558961,0.37612714,0.37670804,0.377093227,0.377434175,0.383327264,0.367445566,0.385910977,0.318433767,0.323926178,0.319714214,0.321623261,0.309198914,0.312136139,0.308960915,0.306736876,0.308636292,0.310513476,0.299183499,0.312674177,0.313280369,0.318549527,0.328818964
GEO,Georgia,0.321165051,0.320216611,0.323136082,0.333899358,0.341731758,0.349201682,0.3466766,0.333794207,0.349783887,0.371826106,0.376638859,0.369247336,0.430862871,0.439428563,0.449641117,0.471933399,0.478672695,0.498354091,0.517528208,0.552597527,0.54963986,0.551945212,0.556857578,0.563960912,0.566719259,0.566164135
DEU,Germany,0.619419971,0.621065384,0.622714524,0.624644341,0.629816475,0.636529771,0.636908749,0.640069964,0.634106318,0.635032274,0.642223394,0.684948414,0.691468369,0.688391115,0.682987747,0.69917179,0.697282803,0.698638556,0.706430104,0.726484872,0.715902366,0.700806094,0.698399733,0.697805508,0.695263564,0.690177173
GHA,Ghana,0.329446596,0.329459554,0.33162276,0.333787281,0.338114015,0.342464452,0.337418925,0.332504801,0.340045883,0.335648188,0.329784243,0.328425094,0.335012731,0.343848523,0.351278617,0.349329468,0.354001992,0.351682886,0.358514007,0.346908479,0.351063787,0.348197056,0.353289184,0.352409854,0.355594139,0.350604238
GRC,Greece,0.425443591,0.429108147,0.438285629,0.445202535,0.451179342,0.458553944,0.465614965,0.469826,0.469704975,0.474378026,0.46937024,0.496059663,0.49554754,0.493346542,0.494884588,0.49455137,0.486100741,0.479069188,0.496906219,0.511635095,0.516467925,0.507004671,0.507056313,0.516187291,0.523715115,0.531361436
GRD,Grenada,0.460166519,0.460377325,0.45948555,0.458339748,0.457274913,0.456586664,0.457880452,0.461344341,0.465899586,0.459564827,0.477607278,0.417205805,0.411309706,0.40737427,0.407797785,0.422811391,0.431033777,0.435086482,0.443513728,0.45423803,0.469950865,0.474022746,0.470178186,0.462474534,0.460809297,0.462066616
GTM,Guatemala,0.270639418,0.270383664,0.277095722,0.283014208,0.284491277,0.286977318,0.282894741,0.279154109,0.277035318,0.28998962,0.28034319,0.26097656,0.271831984,0.277978373,0.278003346,0.28967287,0.289925525,0.287425415,0.292857301,0.314547621,0.318545977,0.323039215,0.317087232,0.314074433,0.318515175,0.315931525
GIN,Guinea,0.292152522,0.292089909,0.300498911,0.308923834,0.297594064,0.286274616,0.291995763,0.297788463,0.304741019,0.296728081,0.280263173,0.232831824,0.222650007,0.233499872,0.235776745,0.234991966,0.243136622,0.248947697,0.264819957,0.280244438,0.29688176,0.309610505,0.306700541,0.304918172,0.31169137,0.312703709
GNB,Guinea-Bissau,0.299830577,0.299838307,0.292970317,0.286111743,0.302547156,0.319073992,0.320065334,0.321268269,0.32517178,0.321359544,0.33877858,0.267956996,0.26672513,0.260429791,0.259427339,0.241843033,0.241032107,0.245603372,0.244349695,0.257622851,0.259541024,0.267086024,0.270336593,0.269566626,0.270990058,0.269287965
GUY,Guyana,0.362878508,0.363515178,0.366315161,0.367833237,0.359782455,0.352215681,0.349753733,0.346736182,0.350104352,0.348083599,0.310608008,0.307434722,0.305509474,0.304897127,0.300973576,0.300390218,0.297311143,0.290731789,0.297012015,0.309331137,0.309797996,0.321013374,0.316815044,0.315795739,0.313334374,0.312166775
HTI,Haiti,0.24703263,0.247032658,0.246830029,0.246652384,0.246540698,0.246522579,0.234429794,0.222546808,0.220928108,0.213228931,0.20732816,0.20900914,0.215161211,0.220413335,0.224691315,0.221113581,0.217619759,0.22587687,0.232722386,0.23161855,0.230491258,0.242260539,0.241557903,0.241460199,0.235360199,0.231958825
HND,Honduras,0.265395661,0.264747044,0.278639356,0.280565243,0.278548933,0.276936774,0.2782238,0.27270114,0.273284239,0.279173126,0.266403643,0.26082738,0.277211151,0.28205173,0.293745307,0.286349551,0.2751627,0.265123157,0.270049814,0.276110751,0.278003291,0.272914885,0.274013556,0.274189619,0.267696268,0.267311065
HUN,Hungary,0.495353455,0.486509592,0.489472779,0.494608412,0.496402433,0.503307193,0.514738307,0.519876656,0.51052709,0.513700957,0.513730958,0.533629576,0.531687184,0.534195164,0.540264524,0.527404901,0.534749474,0.531942301,0.529679884,0.520835629,0.515796312,0.503780785,0.502903723,0.497177649,0.500789202,0.499735629
ISL,Iceland,0.565626435,0.562938919,0.580333992,0.61522212,0.61803147,0.651409639,0.651176711,0.678759297,0.681552894,0.689231541,0.691035691,0.713030365,0.739978585,0.726368257,0.732333065,0.732075088,0.730757267,0.714475599,0.715179429,0.754772902,0.734329342,0.71695442,0.717059683,0.737521841,0.7272573,0.716842151
IND,India,0.355732339,0.356210869,0.357253789,0.358725324,0.362047842,0.365429498,0.358286816,0.351511753,0.351989837,0.353217229,0.382492367,0.454645519,0.453592962,0.457723825,0.454738203,0.480556708,0.4814811,0.48354789,0.488150891,0.289441254,0.294064145,0.321955698,0.337330479,0.346413568,0.36262435,0.385969708
IDN,Indonesia,0.345505767,0.34565023,0.336080091,0.325373841,0.329765328,0.331971967,0.327559413,0.323720543,0.316699065,0.321418631,0.347806862,0.425349123,0.438083839,0.447014814,0.447906618,0.469973698,0.475355578,0.484991428,0.492140099,0.348613963,0.347641773,0.353077094,0.371881121,0.380730057,0.378935465,0.386502075
IRN,"Iran, Islamic Republic of",0.317699358,0.318737452,0.31713638,0.315910395,0.318971099,0.32225953,0.32849916,0.33370198,0.340986645,0.346413616,0.350746978,0.32900742,0.355946967,0.382020518,0.349875134,0.347168975,0.361492195,0.364123182,0.373197055,0.405328687,0.417332002,0.442864455,0.440434775,0.400950918,0.396305583,0.388919933
IRQ,Iraq,0.286551123,0.286349877,0.28961239,0.292869178,0.292432083,0.292236406,0.295085337,0.298221717,0.298947077,0.276844986,0.260672345,0.254245022,0.2521251,0.257949569,0.262159748,0.266183701,0.270740882,0.264955506,0.268849961,0.276280584,0.270884368,0.293948252,0.306259761,0.301192836,0.302896977,0.298124621
IRL,Ireland,0.514573764,0.518165711,0.524197876,0.531348546,0.537323599,0.542084383,0.542927615,0.544387658,0.542023006,0.539052763,0.549127175,0.603399152,0.614422697,0.613298858,0.608157118,0.602904747,0.598871845,0.590001917,0.606368383,0.62853831,0.638630628,0.616437343,0.611872116,0.613273852,0.597746267,0.598480013
ISR,Israel,0.519987859,0.522804198,0.522526873,0.522084257,0.523710607,0.525833273,0.515859717,0.5126344,0.51320784,0.515990567,0.505812386,0.526432144,0.542618851,0.544871766,0.527877274,0.538132965,0.538096159,0.536492524,0.533020916,0.544421596,0.549089526,0.53628972,0.532939909,0.530233555,0.52915562,0.54192577
ITA,Italy,0.474680355,0.475163927,0.475687573,0.475279147,0.479795271,0.496152625,0.497991164,0.49894352,0.497769325,0.496716516,0.509500677,0.517231424,0.518303225,0.51277371,0.508958985,0.510474968,0.5065098,0.496573663,0.496439319,0.511371018,0.51619109,0.510123699,0.505952227,0.5199956,0.52467696,0.522700128
JAM,Jamaica,0.370295224,0.369933598,0.369741526,0.368739061,0.365433633,0.350780927,0.329101537,0.357619668,0.357890261,0.362346726,0.351642683,0.340080391,0.342823978,0.344630968,0.345708273,0.339692473,0.351793858,0.351246693,0.362752147,0.372000324,0.365013059,0.388356579,0.392553632,0.40087815,0.396449717,0.403371202
JPN,Japan,0.577483935,0.580395405,0.582052636,0.582985647,0.589017091,0.59498969,0.592004526,0.589155618,0.603590066,0.610238701,0.634493416,0.710838405,0.709046506,0.711915443,0.716974459,0.742202868,0.745655753,0.750375292,0.758773675,0.711087747,0.706168714,0.6908344,0.697470954,0.693157914,0.691566485,0.689525346
JOR,Jordan,0.357899799,0.359024969,0.366710978,0.372865525,0.371193817,0.369730461,0.36072769,0.350440689,0.374517991,0.378703984,0.384149963,0.384681144,0.401032701,0.408459608,0.400646631,0.399405709,0.400858426,0.408748081,0.407334815,0.419327488,0.421565622,0.411397504,0.40882401,0.405863863,0.400683833,0.407491599
KAZ,Kazakhstan,0.3616819,0.359287657,0.368817799,0.376636495,0.375189478,0.377391454,0.387311837,0.393987796,0.408485895,0.410276815,0.422608232,0.396458894,0.410404627,0.410703393,0.427290452,0.429025286,0.425548335,0.43677842,0.450021128,0.473440419,0.468882419,0.491061655,0.509849286,0.505811213,0.513156977,0.517119452
KEN,Kenya,0.291539198,0.291542111,0.289793018,0.28754898,0.288472561,0.289471516,0.28995501,0.29049097,0.290616631,0.293049332,0.281032674,0.266346391,0.262406787,0.263715233,0.266979043,0.259523228,0.250452594,0.243010565,0.25073944,0.261232589,0.25759991,0.276631491,0.289942819,0.29517649,0.298488077,0.299105691
KIR,Kiribati,0.454329885,0.454329885,0.446629898,0.43892991,0.447597908,0.456265907,0.459052122,0.461838338,0.466582068,0.47988537,0.477622799,0.489626107,0.490269253,0.472300333,0.463108962,0.436940216,0.434068487,0.432514415,0.434710364,0.44210358,0.438341273,0.431972587,0.441342994,0.439577998,0.449039501,0.449909036
PRK,"Korea, Democratic People's Repub",0.363230523,0.363222929,0.366185187,0.369148159,0.373250021,0.377351898,0.384698459,0.391656146,0.380797681,0.374031116,0.375728327,0.36379101,0.376608759,0.379654608,0.36679401,0.359131443,0.359247059,0.364335015,0.354344504,0.341150897,0.338142273,0.341953152,0.342987924,0.345141142,0.343996363,0.343975444
KOR,"Korea, Republic of",0.53951725,0.544483025,0.556003141,0.554788469,0.570300877,0.585786563,0.598409464,0.606472462,0.608713896,0.614477296,0.625490355,0.653686848,0.67455737,0.672869744,0.678201056,0.708127574,0.710511924,0.710991626,0.722256757,0.736719464,0.73204588,0.716543931,0.721320322,0.72805048,0.727323576,0.724714632
KWT,Kuwait,0.375981704,0.379469307,0.380565991,0.381078755,0.383086847,0.38524976,0.388177182,0.391340492,0.396865809,0.398964935,0.389324458,0.394443132,0.405026925,0.404584298,0.402432398,0.409865455,0.400999106,0.398450021,0.406054195,0.409420703,0.398433981,0.408194465,0.404122798,0.415784666,0.426053075,0.466524933
KGZ,Kyrgyzstan,0.360957205,0.362255083,0.369259168,0.371675502,0.370190018,0.377426311,0.378134844,0.378568715,0.375427312,0.361396856,0.337561196,0.288613587,0.314270864,0.315140985,0.329215393,0.326819003,0.343236676,0.334751012,0.345638137,0.366603146,0.359155855,0.388890405,0.39283673,0.390834983,0.395324889,0.393521644
LAO,Lao People's Democratic Republic,0.305146883,0.305579362,0.304718289,0.304207619,0.295232542,0.286275153,0.287722222,0.289546373,0.269101723,0.281119331,0.27368478,0.272051073,0.279552552,0.288779777,0.286246154,0.270427767,0.278439275,0.290244312,0.294713317,0.300506175,0.298855244,0.31406195,0.318650291,0.326134927,0.324531794,0.328270922
LVA,Latvia,0.459337067,0.458339324,0.457284357,0.467618352,0.454612179,0.458537894,0.473909514,0.492996892,0.498148132,0.499317936,0.504223998,0.51962369,0.536006244,0.548158251,0.55420494,0.536163169,0.535796785,0.562847471,0.577542827,0.581405945,0.586406747,0.575905259,0.582135848,0.574507184,0.578292004,0.581806616
LBN,Lebanon,0.300502922,0.300947574,0.306140332,0.310666026,0.313165338,0.315510189,0.3152889,0.315503481,0.31347001,0.312491514,0.30366203,0.275336014,0.272449388,0.279937952,0.300315226,0.312214592,0.315543149,0.317736097,0.323817279,0.329047056,0.328029492,0.3215587,0.313393511,0.306888112,0.29831825,0.290556774
LSO,Lesotho,0.320304295,0.31888174,0.316010517,0.313138122,0.313981402,0.315054635,0.312676056,0.31061465,0.309813862,0.310896506,0.297680736,0.275218685,0.271536417,0.279241435,0.289462488,0.285601296,0.286995211,0.285887783,0.309711705,0.317115357,0.313568783,0.324005,0.323497996,0.316524214,0.309425494,0.311348178
LBR,Liberia,0.27235154,0.272350439,0.27375993,0.275156806,0.277450594,0.288164712,0.289617688,0.291077095,0.294975142,0.302531593,0.332962293,0.420301825,0.257105027,0.241414337,0.261584988,0.263944704,0.264045411,0.273692683,0.284078691,0.292589289,0.289261049,0.293187824,0.29450433,0.289615052,0.278978652,0.278468507
LBY,Libyan Arab Jamahiriya,0.295175699,0.295956394,0.296133277,0.296533899,0.302735743,0.306152791,0.311163356,0.316442099,0.328597636,0.334503223,0.355574827,0.423268495,0.440113479,0.450938266,0.442439994,0.451923906,0.423161837,0.418259309,0.295728948,0.290688428,0.285389063,0.283863684,0.283680458,0.280621406,0.275316438,0.270715042
LIE,Liechtenstein,0.526756215,0.529789685,0.533864732,0.538040392,0.54132331,0.544521624,0.550731105,0.558874412,0.563079569,0.571339497,0.573651989,0.578751664,0.591793793,0.604361451,0.622034994,0.627322148,0.632582019,0.632619897,0.633284228,0.637303779,0.631046931,0.632638398,0.635972998,0.639104587,0.643639515,0.646897021
LTU,Lithuania,0.445849003,0.446849907,0.450423094,0.453545649,0.449543609,0.449641004,0.460038578,0.474389169,0.481715261,0.486550335,0.507692008,0.546507211,0.556691062,0.563299807,0.562203966,0.563651248,0.562079111,0.573236828,0.580526647,0.603375407,0.595700896,0.583504686,0.579603451,0.585761761,0.591833045,0.59568372
LUX,Luxembourg,0.524284511,0.54773086,0.542588991,0.53941693,0.524936749,0.605710008,0.569542924,0.560518483,0.524269233,0.537352316,0.555938119,0.633472023,0.570577607,0.608820873,0.621887524,0.648010473,0.654667687,0.673992198,0.679708398,0.692322418,0.701513293,0.689564857,0.683547112,0.685154636,0.66676578,0.672333282
MKD,Macedonia,0.368675253,0.359575513,0.363386115,0.367892041,0.35733601,0.351892128,0.345938737,0.339650415,0.34870631,0.360595458,0.346784001,0.35119149,0.380901449,0.385042025,0.397911085,0.400884181,0.405314537,0.426824914,0.437073341,0.473140549,0.470043517,0.465315964,0.467303107,0.465020448,0.467728888,0.469304159
MDG,Madagascar,0.306459103,0.30592586,0.301926069,0.297648651,0.304873641,0.309678403,0.307329636,0.311428054,0.327753166,0.323274354,0.316218608,0.292757143,0.299685044,0.298390356,0.281397893,0.255521701,0.256799413,0.261065132,0.257984807,0.263981467,0.263226576,0.264563786,0.263957172,0.267722559,0.266182103,0.266448673
MWI,Malawi,0.307167932,0.307218344,0.311193923,0.317036362,0.315950119,0.315047706,0.311005577,0.306987462,0.31782942,0.32037085,0.316799434,0.304724831,0.303435056,0.299257926,0.300100171,0.281582118,0.282901249,0.278839716,0.271285832,0.262294668,0.261515828,0.281298982,0.279257854,0.274693521,0.279678308,0.28790208
MYS,Malaysia,0.394754113,0.398415133,0.392803941,0.390732294,0.394374881,0.399883005,0.40837157,0.418079899,0.426678315,0.428566234,0.418552719,0.426342634,0.422712607,0.417563499,0.429978613,0.454667476,0.455565872,0.48537473,0.500491183,0.530162379,0.532798777,0.508241965,0.4941012,0.50103118,0.510022421,0.51003132
MDV,Maldives,0.378481083,0.378608514,0.376255174,0.373861047,0.383261578,0.392962031,0.401148419,0.409836479,0.419992999,0.404731585,0.425422601,0.454269196,0.436190399,0.4288283,0.427859584,0.417662573,0.41136569,0.407590286,0.396755281,0.416867606,0.414075223,0.42466108,0.419865986,0.421829905,0.434669296,0.436463048
MLI,Mali,0.319108044,0.319200541,0.321346617,0.32316887,0.323255386,0.323058114,0.324205671,0.325920794,0.328123754,0.330850357,0.323377113,0.291762213,0.301651983,0.304766864,0.298963439,0.306099028,0.306266178,0.280311361,0.284378742,0.2905191,0.291213443,0.308011556,0.307270806,0.303517019,0.2993747,0.292367236
MLT,Malta,0.437834012,0.432379874,0.459215926,0.447081697,0.457747988,0.482693648,0.494742579,0.4919485,0.498961747,0.485346353,0.510642771,0.579890347,0.589779097,0.598946771,0.594174677,0.626351921,0.618637841,0.516806881,0.522603422,0.517649197,0.525899406,0.498612892,0.513350813,0.515190306,0.503258826,0.509800394
MHL,Marshall Islands,0.326112711,0.326203172,0.326129571,0.326086142,0.331901769,0.337753778,0.338924671,0.340220816,0.332599893,0.327239045,0.335760923,0.358817247,0.359077652,0.365300478,0.364637298,0.357567305,0.365602148,0.363323625,0.369693437,0.372894696,0.365694054,0.355922379,0.371330556,0.363718819,0.363562308,0.358853804
MRT,Mauritania,0.34835667,0.3481899,0.348087998,0.347756295,0.34929412,0.350440333,0.360201507,0.370087417,0.359948543,0.344723132,0.337596873,0.308481217,0.309590451,0.29350898,0.304921785,0.283541431,0.283637553,0.296416984,0.299552205,0.313844784,0.315705151,0.348310731,0.353526828,0.361429919,0.361894003,0.357162417
MUS,Mauritius,0.429132863,0.430097526,0.438526017,0.448004428,0.449480608,0.451146614,0.459489485,0.463420312,0.461599226,0.457737903,0.435302115,0.458910225,0.465030125,0.486595199,0.492048509,0.508189545,0.515660648,0.51902891,0.52643793,0.537643098,0.540925101,0.526236247,0.52660903,0.551885703,0.554077488,0.568485093
MEX,Mexico,0.352384118,0.352839763,0.359101515,0.365764571,0.371666056,0.378332094,0.385522097,0.392584236,0.39173412,0.390822137,0.401713603,0.478447752,0.480368746,0.479391778,0.483347303,0.508029147,0.510784853,0.51802701,0.518907109,0.378000591,0.37686783,0.375483099,0.377567562,0.376127134,0.370000351,0.366048159
FSM,"Micronesia, Federated States of",0.323245052,0.323362093,0.320250538,0.317490143,0.314167658,0.31079335,0.312098543,0.313355533,0.315235797,0.343986637,0.35089035,0.357428186,0.35315623,0.346330139,0.340578567,0.337045889,0.332857561,0.337212049,0.339976461,0.348004516,0.351187541,0.354764855,0.356465416,0.35501456,0.353907116,0.354059188
MDA,"Moldova, Republic of",0.423887994,0.426549438,0.43002014,0.425082891,0.411795268,0.39998734,0.426223672,0.39998388,0.415216014,0.415427805,0.4344658,0.397193406,0.412336943,0.408041769,0.384694908,0.395787101,0.400500392,0.40078131,0.402806631,0.407799221,0.399639138,0.415102344,0.425399763,0.430135596,0.43500502,0.433954007
MCO,Monaco,0.693436218,0.701348544,0.709887903,0.61828383,0.725002319,0.697744777,0.70378263,0.749894977,0.681656857,0.751483847,0.578580906,0.732679449,0.780838458,0.769836413,0.64415676,0.741312762,0.755231994,0.693612816,0.728283329,0.762280212,0.727757155,0.78753584,0.85170271,0.718907231,0.848966013,0.74746017
MNG,Mongolia,0.405376921,0.4041838,0.415423266,0.408651873,0.407426455,0.405344004,0.412105894,0.422098906,0.418294683,0.407396499,0.403998024,0.384615693,0.383646679,0.381185115,0.385685451,0.378727984,0.381060247,0.385296407,0.402580265,0.429787242,0.42516111,0.45170058,0.456176394,0.459473709,0.46321676,0.460150764
MNE,Montenegro,0.418528173,0.418528173,0.418528173,0.418528173,0.421018617,0.423509061,0.423406124,0.422610132,0.410699876,0.410203887,0.43559264,0.501419846,0.399338802,0.421389097,0.432939479,0.429560493,0.429637894,0.453577688,0.45038829,0.464416872,0.469156877,0.459369636,0.457861321,0.467152946,0.47763328,0.469314495
MAR,Morocco,0.356396865,0.35650354,0.363168778,0.368306403,0.362968016,0.35834495,0.355082946,0.351481575,0.345934476,0.353014703,0.345333326,0.356267124,0.359427618,0.363449971,0.371636217,0.372846445,0.362953341,0.372614807,0.379315523,0.407306755,0.412842223,0.411690032,0.412770754,0.416277324,0.419723068,0.432120036
MOZ,Mozambique,0.288715411,0.288729463,0.291593958,0.294462718,0.294182855,0.293903864,0.294709682,0.295574641,0.290794404,0.288072825,0.276829836,0.27565234,0.274267093,0.276367051,0.277910286,0.281196344,0.281129832,0.270245342,0.259545379,0.275897684,0.274145764,0.264458899,0.259673394,0.269120512,0.272910628,0.268563511
MMR,Myanmar,0.238884473,0.239487455,0.239433716,0.239369847,0.237969604,0.236570054,0.238199449,0.23825555,0.239920551,0.232945991,0.260351283,0.329993333,0.328566975,0.332206737,0.329938168,0.353515194,0.36325457,0.383332741,0.195224158,0.219194502,0.230895644,0.269129759,0.272735922,0.274321414,0.273729054,0.282121929
NAM,Namibia,0.379751244,0.379331721,0.374325845,0.370455952,0.364268069,0.358565678,0.360265426,0.361028883,0.364043294,0.359346766,0.353166013,0.360927969,0.364758163,0.379111864,0.364352845,0.361623898,0.362407638,0.366253262,0.369549219,0.372667454,0.372581653,0.384977267,0.37843623,0.383745772,0.37760399,0.376780474
NRU,Nauru,0.541430828,0.541430828,0.543863464,0.5462961,0.545162832,0.544029564,0.543942698,0.543855832,0.544029888,0.541287774,0.536045441,0.544952056,0.523457232,0.506288595,0.516811884,0.540796818,0.52397963,0.526908408,0.477634675,0.394789244,0.386322218,0.44931944,0.412029988,0.467055688,0.474126285,0.488117997
NPL,Nepal,0.352822087,0.35199543,0.345522446,0.339073731,0.332316428,0.325538966,0.321688033,0.318055788,0.31367656,0.298629162,0.307823521,0.311235398,0.312788912,0.312088843,0.312045266,0.312319514,0.30902596,0.314611754,0.324410801,0.343225693,0.342744311,0.356576032,0.355643185,0.358379011,0.35183618,0.355569664
NLD,Netherlands,0.602242933,0.609146305,0.613729735,0.620749745,0.632677659,0.636239313,0.620916709,0.61764857,0.61721652,0.614698999,0.624407298,0.649672519,0.659443564,0.675613071,0.677581111,0.678671617,0.690087465,0.686990148,0.695591317,0.717328647,0.710283928,0.696281183,0.694897441,0.691361046,0.687909036,0.684251309
NZL,New Zealand,0.645918655,0.647932402,0.653057347,0.661546291,0.664980073,0.665597387,0.669826556,0.671773708,0.674360788,0.682580024,0.692128415,0.745857549,0.75614764,0.760717212,0.76691875,0.772710899,0.776784568,0.778775106,0.78214482,0.801651506,0.803203667,0.793379585,0.792966307,0.785427634,0.703968234,0.704072479
NIC,Nicaragua,0.320043305,0.320112955,0.319851801,0.321043679,0.320858703,0.321404809,0.327156428,0.333420007,0.333492406,0.334246962,0.324508543,0.293016013,0.297940767,0.293743468,0.288557183,0.276064859,0.279171945,0.291295162,0.300276825,0.30283826,0.308011381,0.305052656,0.305772505,0.278288492,0.272028829,0.27192623
NER,Niger,0.29101544,0.291017399,0.291063275,0.291111381,0.294388082,0.297659203,0.294634272,0.291654343,0.29843756,0.291116868,0.291968173,0.26338491,0.280101777,0.281087165,0.278079334,0.267840441,0.276944103,0.268660983,0.277030294,0.280276182,0.282520027,0.305100943,0.311443298,0.334269663,0.340114911,0.333103573
NGA,Nigeria,0.294585228,0.29458688,0.299069436,0.303556363,0.300199541,0.29735226,0.288787093,0.280349377,0.281922171,0.280374879,0.317178719,0.38492395,0.389965627,0.400206767,0.3958807,0.416473693,0.419178804,0.420238595,0.423885769,0.20386844,0.212662892,0.231082075,0.230407461,0.234178919,0.239258012,0.250858246
NOR,Norway,0.649567904,0.655895903,0.66158502,0.664544267,0.66913776,0.670976565,0.674621087,0.679313558,0.677884886,0.678816621,0.697876519,0.743366,0.746535625,0.748759908,0.746547223,0.762199535,0.76214225,0.761881923,0.786692853,0.799358187,0.800581706,0.79153613,0.7929965,0.784016221,0.772844405,0.765146395
OMN,Oman,0.366683155,0.366677319,0.368752219,0.371379009,0.377120555,0.382781919,0.389838547,0.39627265,0.393530698,0.397665457,0.394339833,0.427104593,0.435595414,0.443529466,0.444909904,0.454595504,0.45003454,0.462682123,0.471479041,0.499529539,0.498542813,0.49322085,0.49108837,0.491479366,0.50344152,0.505513018
PAK,Pakistan,0.342124703,0.342126339,0.33890389,0.335690527,0.335651399,0.335744812,0.333967759,0.330462713,0.33586051,0.324914445,0.347817575,0.423710892,0.423004968,0.42039537,0.420356652,0.444453191,0.440228304,0.443696159,0.451307477,0.282209369,0.280220014,0.27796646,0.281671041,0.282720801,0.28532335,0.310739348
PLW,Palau,0.39754432,0.398749317,0.400765192,0.402781067,0.403608307,0.404435548,0.397890353,0.400064105,0.404188878,0.407547333,0.420879981,0.429308575,0.428964094,0.430182347,0.43021172,0.425278405,0.420584893,0.423404172,0.424931653,0.426237243,0.4215725,0.433621613,0.42331076,0.432100989,0.432203477,0.423944653
PAN,Panama,0.342448951,0.34623152,0.354211467,0.36122504,0.357885598,0.352240666,0.355501081,0.359112137,0.353583319,0.356997334,0.349172879,0.357600539,0.363443616,0.373576136,0.372965119,0.381066496,0.386033745,0.377307567,0.38399448,0.406695899,0.408270382,0.397207393,0.392694475,0.39645178,0.386626422,0.380313392
PNG,Papua New Guinea,0.295319168,0.295498271,0.296310641,0.297121205,0.294078544,0.291000846,0.286080043,0.281242244,0.277676814,0.277968912,0.263033926,0.262231883,0.26842963,0.264932451,0.261638627,0.272245563,0.27268467,0.275170094,0.275402012,0.291458911,0.281115956,0.290641575,0.286712379,0.28926141,0.280867622,0.284290882
PRY,Paraguay,0.2769149,0.277279311,0.271472318,0.266780033,0.264947593,0.263401012,0.265536912,0.269896411,0.27608302,0.283919864,0.285535622,0.268081884,0.276913441,0.302540205,0.304328765,0.305250432,0.311944671,0.314047803,0.316862055,0.340288567,0.346247328,0.364788901,0.362917981,0.365447501,0.359978138,0.363232491
PER,Peru,0.352610918,0.352064743,0.357249483,0.336254526,0.334595059,0.331582938,0.329651414,0.329297847,0.334563531,0.339892175,0.332904938,0.351417413,0.352272054,0.359559053,0.351722843,0.365563152,0.378383775,0.379903305,0.38675002,0.398631686,0.40177089,0.407028786,0.40170737,0.404106602,0.40863757,0.405183277
PHL,Philippines,0.328371482,0.32927878,0.333042262,0.337411107,0.323182962,0.309163207,0.312517658,0.315395279,0.302839039,0.295504511,0.304793277,0.292069126,0.29305832,0.286194006,0.285802142,0.291752651,0.302626682,0.316722539,0.329140106,0.346554045,0.340479805,0.326374944,0.331838896,0.329548438,0.331956825,0.340289877
POL,Poland,0.451281179,0.452146401,0.456942875,0.459495579,0.455743004,0.454824093,0.456789635,0.462270682,0.458240551,0.449971011,0.45398606,0.452352046,0.465113754,0.479684482,0.487061852,0.496320046,0.511425858,0.521220648,0.540641241,0.566574839,0.574415702,0.560694081,0.557879446,0.558774738,0.546491949,0.54591425
PRT,Portugal,0.448065557,0.451197532,0.453238867,0.458970163,0.460029568,0.462159885,0.470834745,0.479123334,0.479123509,0.474793375,0.473138251,0.479698185,0.49963182,0.519444666,0.524743008,0.528401529,0.539549383,0.559771319,0.567588997,0.587196609,0.598458951,0.577835463,0.583439397,0.583270532,0.582476708,0.578285065
QAT,Qatar,0.377508227,0.379998503,0.393120005,0.405302967,0.408807603,0.410782799,0.412221018,0.414553505,0.417353305,0.416260241,0.445945604,0.520907002,0.517761349,0.46176919,0.480260637,0.486828184,0.470267586,0.481810903,0.497341986,0.500163225,0.499629532,0.502697707,0.497871644,0.50257672,0.507690047,0.534836526
ROU,Romania,0.378184222,0.382650094,0.380724975,0.371413049,0.366262625,0.367732066,0.376372509,0.389527324,0.382578429,0.390694346,0.400693783,0.388479713,0.423764479,0.442491117,0.449542277,0.426515296,0.414677742,0.391834883,0.40160362,0.420165591,0.434657768,0.429252383,0.432548639,0.439106237,0.423385411,0.435258172
RUS,Russian Federation,0.389075397,0.391355273,0.388823954,0.397779446,0.408407249,0.415121358,0.432628475,0.448161098,0.451149266,0.441747841,0.472835636,0.552382178,0.558109547,0.573227345,0.561138798,0.596113572,0.592648286,0.603947964,0.611334293,0.4849821,0.511420467,0.530654484,0.530240536,0.541454598,0.549612034,0.550336508
RWA,Rwanda,0.246870875,0.246876794,0.249273096,0.25167444,0.256701258,0.262008638,0.269516919,0.276928717,0.284743652,0.284731741,0.266437915,0.264015295,0.276804637,0.290200121,0.31049913,0.343275351,0.352107684,0.352963351,0.358290132,0.388698812,0.390427118,0.405936623,0.411388461,0.416526659,0.414941057,0.42569475
KNA,Saint Kitts and Nevis,0.433388677,0.434765537,0.432351453,0.430222066,0.433746496,0.437593431,0.439245889,0.446790071,0.456707025,0.462366932,0.521683429,0.489896605,0.4808863,0.486580534,0.506052726,0.528769156,0.534607183,0.539425898,0.549589576,0.53919899,0.558491121,0.549421354,0.569680357,0.552394777,0.552330948,0.566297662
LCA,Saint Lucia,0.443154804,0.443462401,0.435165191,0.426878566,0.439029712,0.451718199,0.442369736,0.434430511,0.451484942,0.451532168,0.503048638,0.457885338,0.450847986,0.45813687,0.463349314,0.465975425,0.465991044,0.454613017,0.460621832,0.455613285,0.4617258,0.4650229,0.455945515,0.44970543,0.442779711,0.445981459
VCT,Saint Vincent and the Grenadines,0.431132397,0.431520448,0.429299401,0.427220524,0.431244869,0.434854865,0.432971783,0.430680212,0.440954647,0.445387119,0.50106824,0.477868186,0.472223989,0.479196472,0.484659901,0.49537517,0.498533145,0.497984131,0.484508368,0.488624479,0.49167975,0.480629141,0.473477319,0.476453689,0.473383508,0.476475038
WSM,Samoa,0.363006692,0.363065107,0.358793027,0.354493703,0.360659823,0.361670483,0.362706561,0.363678128,0.36788193,0.363786858,0.368174237,0.38796081,0.388273842,0.384693563,0.375636371,0.392650874,0.404542427,0.407820525,0.414333147,0.429532223,0.43057783,0.426838707,0.434241953,0.431470138,0.432062397,0.428495698
SMR,San Marino,0.563679596,0.564084032,0.565875367,0.569635836,0.58275892,0.586045748,0.58693256,0.587248348,0.586992854,0.585946971,0.602793446,0.678103769,0.678664167,0.68533483,0.698129341,0.720681331,0.710788386,0.716000473,0.623753014,0.577769798,0.624012399,0.626760902,0.627889959,0.623222449,0.622247033,0.631015376
STP,Sao Tome and Principe,0.398118548,0.398152127,0.387605345,0.37687209,0.383272207,0.390825331,0.385540833,0.380326235,0.374043332,0.376572879,0.319677352,0.303231854,0.304108869,0.306019251,0.308792018,0.310736094,0.310671463,0.340500251,0.342000634,0.353446169,0.358165861,0.360759531,0.36273586,0.3672711,0.364621998,0.361616551
SAU,Saudi Arabia,0.301513752,0.302222476,0.304208603,0.305647638,0.310465318,0.313435913,0.319082437,0.324958639,0.329052921,0.315794817,0.343105052,0.364315669,0.376619846,0.406128399,0.409514246,0.430944929,0.423291542,0.436505901,0.457337578,0.477051953,0.478944543,0.504325846,0.502668922,0.503507685,0.503440972,0.542993952
SEN,Senegal,0.335538643,0.33556147,0.334140062,0.332799805,0.337228997,0.34194807,0.346816764,0.350888112,0.342071302,0.34872451,0.333234062,0.293588724,0.294704584,0.295286235,0.318158845,0.294006,0.294065801,0.30501231,0.309706925,0.313956216,0.321288905,0.334276309,0.33241836,0.34400845,0.348908371,0.349655224
SRB,Serbia,0.330367383,0.330367383,0.321071786,0.31177619,0.315146033,0.318515875,0.334861394,0.350028181,0.357840723,0.363884763,0.343581665,0.359002767,0.371377607,0.376029782,0.376327718,0.381002449,0.38223954,0.380410255,0.399959497,0.41946228,0.412893571,0.417313255,0.447365191,0.451209482,0.45201556,0.445012806
SYC,Seychelles,0.434710156,0.435315893,0.425689908,0.416230743,0.419358621,0.419965744,0.416460704,0.412426882,0.413752634,0.400467528,0.434110854,0.403814299,0.403668914,0.40999419,0.407368318,0.404453916,0.40828707,0.408039574,0.417776442,0.424339958,0.443787104,0.430211192,0.444321968,0.445917587,0.451610152,0.458107228
SLE,Sierra Leone,0.274061713,0.274065029,0.274749284,0.275435082,0.27384876,0.272320039,0.283743266,0.294858981,0.291539285,0.302601084,0.284020431,0.249560506,0.256834997,0.251728632,0.270588279,0.251828901,0.26201459,0.26871026,0.278916097,0.289364571,0.294985427,0.308109246,0.319715327,0.318728212,0.31869908,0.316063663
SGP,Singapore,0.567409046,0.580025093,0.590292925,0.594078974,0.607294634,0.632958319,0.635768621,0.651456849,0.649752647,0.659669296,0.658123515,0.716558407,0.731826803,0.741313576,0.724556737,0.754539279,0.768602665,0.776996403,0.790395317,0.814562579,0.813248361,0.79269908,0.798453896,0.80227663,0.803691829,0.804268921
SVK,Slovakia,0.426753321,0.422553551,0.426825245,0.428993106,0.430492325,0.434933172,0.441742787,0.453801674,0.459824542,0.465938154,0.480029324,0.504232273,0.517252558,0.516502949,0.514049847,0.50845953,0.509198319,0.502709953,0.507937611,0.513255162,0.502324802,0.503940933,0.501737388,0.508606696,0.508822091,0.513056873
SVN,Slovenia,0.53229158,0.529789476,0.530209527,0.542487042,0.532721481,0.535434245,0.543146527,0.549415893,0.550540423,0.562198783,0.568807195,0.566423889,0.576043524,0.572039636,0.597108597,0.621061417,0.628602455,0.629296686,0.626153214,0.634052063,0.626238917,0.62116313,0.612530072,0.607070537,0.610123597,0.603749116
SLB,Solomon Islands,0.455043832,0.455043832,0.446073554,0.437103275,0.397774267,0.358445259,0.349143481,0.339841702,0.336976947,0.368954737,0.368631903,0.371294352,0.362648694,0.365027222,0.366046602,0.355772439,0.36186231,0.358813325,0.375829693,0.386495786,0.411252717,0.405686034,0.414427509,0.410982729,0.41206862,0.41448386
SOM,Somalia,0.270155075,0.270155075,0.270642727,0.27113038,0.269682494,0.268234609,0.279981995,0.291729382,0.267403401,0.245544425,0.28898647,0.376561823,0.368056198,0.358820848,0.369483381,0.412335344,0.416268936,0.427538439,0.436271803,0.45561335,0.460380997,0.356289314,0.358176261,0.354791799,0.354086905,0.356161841
ZAF,South Africa,0.374441716,0.372675242,0.366965125,0.363828354,0.365495133,0.374316463,0.373303197,0.371789245,0.372682675,0.375489872,0.372716084,0.371264509,0.366164498,0.363291702,0.365132885,0.354114095,0.353779757,0.354752279,0.368836909,0.376124742,0.370413006,0.388936543,0.371812008,0.367314812,0.366257937,0.36399868
ESP,Spain,0.479867042,0.485238744,0.490551005,0.496419865,0.506409695,0.518671798,0.517742202,0.520144003,0.519218874,0.517975704,0.52678426,0.535339917,0.537836208,0.540494244,0.531693247,0.523737782,0.530370718,0.532967334,0.530982786,0.53662228,0.541795742,0.541431089,0.546092492,0.542066139,0.541871683,0.536000249
LKA,Sri Lanka,0.355603771,0.354025357,0.356132259,0.357085659,0.354292128,0.349207031,0.358480259,0.366828317,0.362259422,0.358406105,0.34005741,0.337434234,0.336793075,0.338277333,0.33599322,0.330631825,0.333620315,0.339023051,0.354022327,0.370458858,0.387672219,0.387917677,0.38570622,0.386970579,0.396717015,0.398112578
SDN,Sudan,0.275282143,0.275290889,0.278913116,0.282549059,0.284639383,0.286927004,0.292399335,0.297757187,0.285949967,0.296765963,0.25939118,0.243432295,0.2423133,0.241096868,0.250959476,0.241422925,0.242934958,0.238590438,0.2459991,0.247465061,0.246025288,0.260610526,0.263969389,0.268658585,0.266706468,0.263189014
SUR,Suriname,0.370158402,0.370272379,0.373680367,0.377049954,0.375912637,0.375237859,0.375377569,0.374948122,0.380678325,0.374675027,0.396383128,0.315658891,0.316509138,0.321703253,0.318568867,0.308512006,0.312505741,0.31309661,0.318108656,0.320042277,0.327754469,0.326921562,0.338568465,0.334638931,0.332927797,0.331987401
SWZ,Swaziland,0.36842736,0.368457253,0.368332685,0.368283447,0.365416307,0.362752028,0.364096496,0.365366479,0.357196209,0.348724111,0.365838158,0.314615954,0.315266611,0.316884879,0.315332137,0.299452581,0.297627189,0.298773996,0.307857192,0.312893162,0.312189665,0.3153263,0.324399671,0.315290674,0.307738491,0.311584816
SWE,Sweden,0.621529143,0.624887678,0.630285207,0.634085287,0.645432734,0.650891856,0.658125865,0.66868937,0.673277103,0.676507731,0.682798693,0.724287957,0.727479184,0.727709075,0.726503244,0.744282093,0.750760405,0.749208978,0.748384345,0.753500561,0.756947337,0.742125013,0.738877385,0.73180629,0.730395703,0.722726258
CHE,Switzerland,0.612257966,0.61345573,0.619713577,0.626296657,0.633629877,0.641037459,0.643964788,0.646960162,0.643835069,0.643474026,0.654982677,0.697600833,0.707286201,0.705824326,0.701426209,0.714263923,0.711130354,0.711986397,0.719303543,0.730336242,0.728068833,0.713717968,0.70453223,0.700036942,0.699510415,0.693764113
SYR,Syrian Arab Republic,0.313880218,0.313149187,0.313808154,0.312691405,0.311431543,0.313128196,0.322622813,0.33379794,0.325898277,0.320931495,0.314631654,0.293679297,0.300588564,0.29952311,0.320095942,0.31450441,0.292478183,0.26910861,0.266935164,0.255863896,0.248753531,0.251256417,0.235286017,0.232526689,0.229776436,0.227016448
TJK,Tajikistan,0.284374981,0.283439102,0.286673078,0.291309194,0.29517054,0.299777674,0.307395122,0.310358098,0.314676542,0.306846708,0.328234752,0.254431357,0.261465793,0.265416252,0.264116498,0.250926742,0.260941468,0.25519865,0.257615275,0.275420125,0.28232144,0.315364644,0.315508208,0.325608396,0.327726922,0.329314924
TZA,"Tanzania, United Republic of",0.328383422,0.328419952,0.329455882,0.330396439,0.328267441,0.326122552,0.326547071,0.327015262,0.323046458,0.326614564,0.315096101,0.302266084,0.301218557,0.301046903,0.303110443,0.289713736,0.293238505,0.29504937,0.294970867,0.297511117,0.298356375,0.309034104,0.303362131,0.299022562,0.301013933,0.301620406
THA,Thailand,0.390829711,0.391774767,0.398491211,0.407170408,0.411641636,0.413926058,0.41262362,0.410997321,0.406331644,0.395225062,0.402899045,0.39352437,0.395414617,0.401336681,0.415315365,0.421448351,0.424027037,0.431042355,0.441404783,0.457696719,0.456034487,0.448305894,0.45299258,0.464786577,0.47552441,0.486620994
TLS,Timor-Leste,0.36418418,0.36418418,0.36418418,0.36418418,0.36418418,0.36418418,0.36418418,0.36418418,0.365483531,0.36688849,0.305207054,0.29212131,0.294500304,0.307737367,0.326585919,0.361823839,0.371462585,0.373289849,0.37558844,0.389839866,0.404321332,0.398868335,0.385845958,0.381345703,0.38397016,0.369816206
TGO,Togo,0.305934914,0.305952942,0.304543973,0.303125517,0.304885504,0.306678156,0.307674335,0.30871939,0.302068196,0.294869932,0.268880951,0.253617599,0.262113661,0.261840479,0.259783724,0.260079581,0.258800616,0.257946545,0.262761479,0.281486484,0.293865638,0.313886948,0.307855348,0.311507976,0.324501056,0.348885992
TON,Tonga,0.340889087,0.341168059,0.336026923,0.331265614,0.334211901,0.33920101,0.333087452,0.329654755,0.324757992,0.343794843,0.334684021,0.350882998,0.356247624,0.364561756,0.368094663,0.39277317,0.398583119,0.399526468,0.405395011,0.413674082,0.409391873,0.411697583,0.413955724,0.417284511,0.412972661,0.410171593
TTO,Trinidad and Tobago,0.407311915,0.401302267,0.403995893,0.402353911,0.396122546,0.390861858,0.389303571,0.388092406,0.386394629,0.388150098,0.408547684,0.326391397,0.332639383,0.332882823,0.331080965,0.340523641,0.34499781,0.343009931,0.350709019,0.360042446,0.365090159,0.353557886,0.354491059,0.345151246,0.339648237,0.340518566
TUN,Tunisia,0.36477038,0.366292257,0.369077855,0.372337867,0.375821647,0.377685464,0.383846359,0.391188414,0.395780534,0.397689283,0.395686542,0.418797612,0.417627913,0.422054612,0.428802954,0.427663891,0.433054653,0.42515915,0.421958651,0.436378444,0.431689639,0.420173649,0.421776783,0.421819654,0.429461273,0.439754082
TUR,Turkey,0.338352246,0.339757937,0.343891327,0.346647422,0.351787973,0.359164571,0.357666426,0.357200642,0.368289251,0.372011474,0.395924743,0.398482156,0.409207501,0.422065464,0.423492367,0.429281604,0.432660169,0.437406539,0.449533683,0.465640864,0.464235561,0.443681285,0.456927683,0.459898206,0.475820988,0.484070717
TKM,Turkmenistan,0.259477968,0.259526938,0.248307716,0.237494263,0.236753861,0.235720211,0.232967397,0.23010673,0.232736771,0.213244323,0.22171497,0.206070693,0.221576091,0.233318971,0.235325399,0.233319737,0.232790281,0.240988131,0.238439435,0.239523639,0.235410186,0.228141824,0.235343988,0.238398622,0.237824605,0.235173717
TUV,Tuvalu,0.641031517,0.641031517,0.643464153,0.645896789,0.656999718,0.668102647,0.669520839,0.670939031,0.6050944,0.638095603,0.601100877,0.576062288,0.55925741,0.546141039,0.554433734,0.545013664,0.493904376,0.503623748,0.498593098,0.536200059,0.547650334,0.562235721,0.547874333,0.564729425,0.576961256,0.586165717
UGA,Uganda,0.306156482,0.30626738,0.30708853,0.307928695,0.300922847,0.296774029,0.29569312,0.294866257,0.297692111,0.300962366,0.287841879,0.274901569,0.279060176,0.280994895,0.276120485,0.266723992,0.272970996,0.261766941,0.259497714,0.265098311,0.268430182,0.295407651,0.300658765,0.29597684,0.289350931,0.28785021
UKR,Ukraine,0.352358576,0.349704812,0.356978206,0.361160287,0.366970359,0.370350997,0.389597099,0.351696507,0.359485746,0.383723432,0.376405244,0.327843709,0.33939693,0.337617324,0.324989545,0.319529765,0.322966493,0.323431838,0.336400338,0.360067749,0.372517833,0.408155791,0.411727265,0.418811627,0.428180052,0.42721391
ARE,United Arab Emirates,0.402128765,0.402683819,0.404102081,0.405840166,0.411163835,0.41750443,0.432940948,0.446945768,0.432892134,0.433688657,0.444496924,0.483034233,0.490651109,0.492586592,0.487986297,0.514075627,0.527632251,0.536048778,0.561863373,0.58600054,0.586109072,0.571040739,0.578250185,0.579216145,0.581880668,0.584618001
GBR,United Kingdom,0.612647124,0.61445574,0.619528633,0.625391713,0.630611399,0.631983727,0.630077645,0.633569703,0.629560396,0.62627629,0.62210514,0.668774195,0.668858497,0.666035253,0.656507948,0.682131011,0.679597818,0.683011529,0.690182764,0.715570021,0.722428025,0.706195991,0.70023417,0.691503324,0.694793814,0.683382095
USA,United States,0.618311601,0.620159416,0.621255121,0.623467295,0.62932638,0.635964668,0.633839751,0.632390975,0.629041584,0.625219348,0.646713871,0.722022968,0.723122551,0.7312441,0.724114481,0.749127036,0.751055331,0.755575874,0.755450162,0.68998149,0.6899077,0.677668965,0.677439568,0.673702882,0.659394576,0.65328067
URY,Uruguay,0.415525171,0.414253848,0.418561382,0.420005649,0.418165828,0.419519342,0.42001287,0.417166634,0.420594363,0.409778769,0.409696262,0.405097222,0.416174967,0.415367036,0.428417047,0.437723581,0.440826633,0.460496474,0.475940005,0.494817353,0.492000897,0.488009051,0.48943947,0.514136195,0.517286901,0.521350585
UZB,Uzbekistan,0.298245342,0.295795793,0.289486057,0.283351372,0.287644565,0.291082572,0.303119288,0.313170539,0.311533204,0.295832349,0.27136339,0.233365975,0.246901415,0.256314663,0.253273052,0.240038276,0.238786532,0.248289058,0.262730017,0.288860205,0.295698506,0.332900151,0.342215431,0.377699199,0.38613377,0.385858176
VUT,Vanuatu,0.349737738,0.349786053,0.346734227,0.343703781,0.344058596,0.344985684,0.338068378,0.332760903,0.323708211,0.334404445,0.366618611,0.374540759,0.36771863,0.363498161,0.373730075,0.363028874,0.361261416,0.35867583,0.36099105,0.37006965,0.353341308,0.362687026,0.372997208,0.367199652,0.361482848,0.357798269
VEN,"Venezuela, Bolivarian Republic o",0.295876974,0.295223003,0.295583562,0.295032584,0.293055653,0.2908249,0.284140184,0.271880468,0.265443386,0.266999606,0.270819705,0.244354009,0.241760641,0.247090267,0.23745258,0.222206578,0.224731454,0.223632025,0.219689457,0.210353416,0.206481623,0.217261411,0.20861623,0.195716484,0.196149115,0.190085208
VNM,Viet Nam,0.346265899,0.347104811,0.346970941,0.34688133,0.346860489,0.345640955,0.342648632,0.339744552,0.341376245,0.340142088,0.357280207,0.363364736,0.369373234,0.367576947,0.367753388,0.348513967,0.35596691,0.356380822,0.365572458,0.374644762,0.380360623,0.401397168,0.403952332,0.408782578,0.418037984,0.425136633
YEM,Yemen,0.285802959,0.285811105,0.284853107,0.285605764,0.284479724,0.281598748,0.279831206,0.278375767,0.283803336,0.278136628,0.286052488,0.285347045,0.290360545,0.28424856,0.29916242,0.300660769,0.291213878,0.301451028,0.282796665,0.27961902,0.270031648,0.260189848,0.255495296,0.249426853,0.248763368,0.247884481
ZMB,Zambia,0.310316934,0.310396081,0.315588647,0.320788325,0.321368838,0.3221167,0.321991627,0.321778176,0.334666108,0.316942939,0.305050004,0.302062704,0.308398168,0.314703183,0.312729141,0.305910837,0.313286859,0.319056889,0.319515937,0.331358279,0.320958938,0.335983631,0.334452743,0.335040522,0.327250991,0.321071576
ZWE,Zimbabwe,0.27794057,0.276726297,0.27464013,0.272556123,0.252370741,0.232169558,0.222269837,0.212362698,0.216012742,0.209665076,0.202458256,0.198619738,0.191894543,0.178419428,0.171370482,0.162079419,0.162416011,0.172578362,0.177625685,0.183764399,0.194759941,0.209921541,0.212440065,0.216578898,0.212982995,0.215652876
